{"name":"T4_get_zeroAsBlogPostIdInResourceUri_statusCodeIs404AndEmptyJsonIsReceivedInResponse","id":"com.jsonplaceholder.tests.apiTests.JsonPlaceholderTests:T4_get_zeroAsBlogPostIdInResourceUri_statusCodeIs404AndEmptyJsonIsReceivedInResponse","testCaseName":"com.jsonplaceholder.tests.apiTests.JsonPlaceholderTests","testSteps":[{"number":1,"description":"Get particular blog post","duration":193,"startTime":"2020-01-12T02:52:40.815924500+01:00[Europe/Prague]","result":"SUCCESS","precondition":false,"level":0,"children":[{"number":2,"description":"GET https://jsonplaceholder.typicode.com/posts/0\r","duration":0,"startTime":"2020-01-12T02:52:41.008924900+01:00[Europe/Prague]","result":"SUCCESS","restQuery":{"method":"GET","path":"https://jsonplaceholder.typicode.com/posts/0\r","content":"\r","contentType":"application/json","requestHeaders":"Accept\u003d*/*\r\n\t\t\t\tContent-Type\u003dapplication/json; charset\u003dUTF-8\r","requestCookies":"\r","responseHeaders":"Date: Sun, 12 Jan 2020 01:52:40 GMT\r\nContent-Type: application/json; charset\u003dutf-8\r\nContent-Length: 2\r\nConnection: keep-alive\r\nSet-Cookie: __cfduid\u003dd0ee8abc684580f2b2bcec2282d95bd151578793960; expires\u003dTue, 11-Feb-20 01:52:40 GMT; path\u003d/; domain\u003d.typicode.com; HttpOnly; SameSite\u003dLax\r\nX-Powered-By: Express\r\nVary: Origin, Accept-Encoding\r\nAccess-Control-Allow-Credentials: true\r\nCache-Control: max-age\u003d14400\r\nPragma: no-cache\r\nExpires: -1\r\nX-Content-Type-Options: nosniff\r\nEtag: W/\"2-vyGp6PvFo4RvsFtPoIWeCReyIC8\"\r\nVia: 1.1 vegur\r\nCF-Cache-Status: HIT\r\nAge: 1039\r\nExpect-CT: max-age\u003d604800, report-uri\u003d\"https://report-uri.cloudflare.com/cdn-cgi/beacon/expect-ct\"\r\nServer: cloudflare\r\nCF-RAY: 553b7e10089b9710-FRA\r","responseCookies":"__cfduid\u003dd0ee8abc684580f2b2bcec2282d95bd151578793960;Path\u003d/;Domain\u003d.typicode.com;HttpOnly;Expires\u003d2/11/20, 1:52 AM\r","responseBody":"{\n    \n}","statusCode":404},"precondition":false,"level":1}]}],"userStory":{"id":"com.jsonplaceholder.tests.apiTests.JsonPlaceholderTests","storyName":"Json placeholder tests","storyClassName":"com.jsonplaceholder.tests.apiTests.JsonPlaceholderTests","path":"","type":"story"},"featureTag":{"name":"Json placeholder tests","type":"story","displayName":"Json placeholder tests"},"title":"T4 get zero as blog post id in resource uri status code is404 and empty json is received in response","tags":[{"name":"Json placeholder tests","type":"story","displayName":"Json placeholder tests"}],"startTime":"2020-01-12T02:52:40.642922200+01:00[Europe/Prague]","duration":370,"projectKey":"","isManualTestingUpToDate":false,"manual":false,"testSource":"JUnit","result":"SUCCESS"}