{"name":"T3_put_idInPostsBodyPayloadIsNumberAsStringNotAsInt_blogPostIsSuccessfullyUpdated","id":"com.jsonplaceholder.tests.apiTests.JsonPlaceholderTests:T3_put_idInPostsBodyPayloadIsNumberAsStringNotAsInt_blogPostIsSuccessfullyUpdated","testCaseName":"com.jsonplaceholder.tests.apiTests.JsonPlaceholderTests","testSteps":[{"number":1,"description":"Update particular blog post","duration":9670,"startTime":"2020-01-12T02:52:23.595680300+01:00[Europe/Prague]","result":"SUCCESS","precondition":false,"level":0,"children":[{"number":2,"description":"PUT https://jsonplaceholder.typicode.com/posts/1\r","duration":3,"startTime":"2020-01-12T02:52:33.226334200+01:00[Europe/Prague]","result":"SUCCESS","restQuery":{"method":"PUT","path":"https://jsonplaceholder.typicode.com/posts/1\r","content":"{\n    \"id\": \"1\",\n    \"title\": \"Little\",\n    \"body\": \"Wing\",\n    \"userId\": 1\n}\r","contentType":"application/json","requestHeaders":"Accept\u003d*/*\r\n\t\t\t\tContent-Type\u003dapplication/json; charset\u003dUTF-8\r","requestCookies":"\r","responseHeaders":"Date: Sun, 12 Jan 2020 01:52:32 GMT\r\nContent-Type: application/json; charset\u003dutf-8\r\nTransfer-Encoding: chunked\r\nConnection: keep-alive\r\nSet-Cookie: __cfduid\u003dd8912e828c769f4540cef9b9013870f001578793946; expires\u003dTue, 11-Feb-20 01:52:26 GMT; path\u003d/; domain\u003d.typicode.com; HttpOnly; SameSite\u003dLax\r\nX-Powered-By: Express\r\nVary: Origin, Accept-Encoding\r\nAccess-Control-Allow-Credentials: true\r\nCache-Control: no-cache\r\nPragma: no-cache\r\nExpires: -1\r\nX-Content-Type-Options: nosniff\r\nEtag: W/\"43-/mK3MvjG1s/wi8Nm+Kr25hwkIls\"\r\nVia: 1.1 vegur\r\nCF-Cache-Status: DYNAMIC\r\nExpect-CT: max-age\u003d604800, report-uri\u003d\"https://report-uri.cloudflare.com/cdn-cgi/beacon/expect-ct\"\r\nServer: cloudflare\r\nCF-RAY: 553b7db89977978a-FRA\r\nContent-Encoding: gzip\r","responseCookies":"__cfduid\u003dd8912e828c769f4540cef9b9013870f001578793946;Path\u003d/;Domain\u003d.typicode.com;HttpOnly;Expires\u003d2/11/20, 1:52 AM\r","responseBody":"{\n    \"id\": 1,\n    \"title\": \"Little\",\n    \"body\": \"Wing\",\n    \"userId\": 1\n}","statusCode":200},"precondition":false,"level":1}]},{"number":3,"description":"GSON - Serialize PUT /posts response","duration":24,"startTime":"2020-01-12T02:52:33.269334+01:00[Europe/Prague]","result":"SUCCESS","precondition":false,"level":0}],"userStory":{"id":"com.jsonplaceholder.tests.apiTests.JsonPlaceholderTests","storyName":"Json placeholder tests","storyClassName":"com.jsonplaceholder.tests.apiTests.JsonPlaceholderTests","path":"","type":"story"},"featureTag":{"name":"Json placeholder tests","type":"story","displayName":"Json placeholder tests"},"title":"T3 put id in posts body payload is number as string not as int blog post is successfully updated","tags":[{"name":"Json placeholder tests","type":"story","displayName":"Json placeholder tests"}],"startTime":"2020-01-12T02:52:23.126680800+01:00[Europe/Prague]","duration":10596,"projectKey":"","isManualTestingUpToDate":false,"manual":false,"testSource":"JUnit","result":"SUCCESS"}