"Story","Title","Result","Date","Stability","Duration (s)"
"Json placeholder tests","T3 put id in posts body payload is number as string not as int blog post is successfully updated","SUCCESS","2020-01-12T02:52:23.1266808+01:00[Europe/Prague]","0.0","10.6"
"Json placeholder tests","T1 get call all10 blog posts written by user id5 all10 blog posts written by user id5 are received in response","SUCCESS","2020-01-12T02:52:34.0743306+01:00[Europe/Prague]","0.0","0.97"
"Json placeholder tests","T1 get call all100 blog posts all100 blog posts are received in response","SUCCESS","2020-01-12T02:52:35.0683323+01:00[Europe/Prague]","0.0","0.66"
"Json placeholder tests","T5 put update data under invalid resource id user get an error msg that resource is not found","FAILURE","2020-01-12T02:52:35.7783296+01:00[Europe/Prague]","0.0","4.81"
"Json placeholder tests","T4 get zero as blog post id in resource uri status code is404 and empty json is received in response","SUCCESS","2020-01-12T02:52:40.6429222+01:00[Europe/Prague]","0.0","0.37"
