{"name":"T1_get_callAll10BlogPostsWrittenByUserId5_all10BlogPostsWrittenByUserId5AreReceivedInResponse","id":"com.jsonplaceholder.tests.apiTests.JsonPlaceholderTests:T1_get_callAll10BlogPostsWrittenByUserId5_all10BlogPostsWrittenByUserId5AreReceivedInResponse","testCaseName":"com.jsonplaceholder.tests.apiTests.JsonPlaceholderTests","testSteps":[{"number":1,"description":"Call \"/posts\" for particular user","duration":276,"startTime":"2020-01-12T02:52:34.307330200+01:00[Europe/Prague]","result":"SUCCESS","precondition":false,"level":0,"children":[{"number":2,"description":"GET https://jsonplaceholder.typicode.com/posts?userId\u003d5\r","duration":0,"startTime":"2020-01-12T02:52:34.578327500+01:00[Europe/Prague]","result":"SUCCESS","restQuery":{"method":"GET","path":"https://jsonplaceholder.typicode.com/posts?userId\u003d5\r","content":"\r","contentType":"application/json","requestHeaders":"Accept\u003d*/*\r\n\t\t\t\tContent-Type\u003dapplication/json; charset\u003dUTF-8\r","requestCookies":"\r","responseHeaders":"Date: Sun, 12 Jan 2020 01:52:34 GMT\r\nContent-Type: application/json; charset\u003dutf-8\r\nTransfer-Encoding: chunked\r\nConnection: keep-alive\r\nSet-Cookie: __cfduid\u003ddfdc7c4f55f61094f85ca73a7efbe88b91578793954; expires\u003dTue, 11-Feb-20 01:52:34 GMT; path\u003d/; domain\u003d.typicode.com; HttpOnly; SameSite\u003dLax\r\nX-Powered-By: Express\r\nVary: Origin, Accept-Encoding\r\nAccess-Control-Allow-Credentials: true\r\nCache-Control: max-age\u003d14400\r\nPragma: no-cache\r\nExpires: -1\r\nX-Content-Type-Options: nosniff\r\nEtag: W/\"b2d-1VNHKGeFvCHCaIvJVU7cRyVMjxY\"\r\nContent-Encoding: gzip\r\nVia: 1.1 vegur\r\nCF-Cache-Status: HIT\r\nAge: 5237\r\nExpect-CT: max-age\u003d604800, report-uri\u003d\"https://report-uri.cloudflare.com/cdn-cgi/beacon/expect-ct\"\r\nServer: cloudflare\r\nCF-RAY: 553b7de7bec2dfe7-FRA\r","responseCookies":"__cfduid\u003ddfdc7c4f55f61094f85ca73a7efbe88b91578793954;Path\u003d/;Domain\u003d.typicode.com;HttpOnly;Expires\u003d2/11/20, 1:52 AM\r","responseBody":"[\n    {\n        \"userId\": 5,\n        \"id\": 41,\n        \"title\": \"non est facere\",\n        \"body\": \"molestias id nostrum\\nexcepturi molestiae dolore omnis repellendus quaerat saepe\\nconsectetur iste quaerat tenetur asperiores accusamus ex ut\\nnam quidem est ducimus sunt debitis saepe\"\n    },\n    {\n        \"userId\": 5,\n        \"id\": 42,\n        \"title\": \"commodi ullam sint et excepturi error explicabo praesentium voluptas\",\n        \"body\": \"odio fugit voluptatum ducimus earum autem est incidunt voluptatem\\nodit reiciendis aliquam sunt sequi nulla dolorem\\nnon facere repellendus voluptates quia\\nratione harum vitae ut\"\n    },\n    {\n        \"userId\": 5,\n        \"id\": 43,\n        \"title\": \"eligendi iste nostrum consequuntur adipisci praesentium sit beatae perferendis\",\n        \"body\": \"similique fugit est\\nillum et dolorum harum et voluptate eaque quidem\\nexercitationem quos nam commodi possimus cum odio nihil nulla\\ndolorum exercitationem magnam ex et a et distinctio debitis\"\n    },\n    {\n        \"userId\": 5,\n        \"id\": 44,\n        \"title\": \"optio dolor molestias sit\",\n        \"body\": \"temporibus est consectetur dolore\\net libero debitis vel velit laboriosam quia\\nipsum quibusdam qui itaque fuga rem aut\\nea et iure quam sed maxime ut distinctio quae\"\n    },\n    {\n        \"userId\": 5,\n        \"id\": 45,\n        \"title\": \"ut numquam possimus omnis eius suscipit laudantium iure\",\n        \"body\": \"est natus reiciendis nihil possimus aut provident\\nex et dolor\\nrepellat pariatur est\\nnobis rerum repellendus dolorem autem\"\n    },\n    {\n        \"userId\": 5,\n        \"id\": 46,\n        \"title\": \"aut quo modi neque nostrum ducimus\",\n        \"body\": \"voluptatem quisquam iste\\nvoluptatibus natus officiis facilis dolorem\\nquis quas ipsam\\nvel et voluptatum in aliquid\"\n    },\n    {\n        \"userId\": 5,\n        \"id\": 47,\n        \"title\": \"quibusdam cumque rem aut deserunt\",\n        \"body\": \"voluptatem assumenda ut qui ut cupiditate aut impedit veniam\\noccaecati nemo illum voluptatem laudantium\\nmolestiae beatae rerum ea iure soluta nostrum\\neligendi et voluptate\"\n    },\n    {\n        \"userId\": 5,\n        \"id\": 48,\n        \"title\": \"ut voluptatem illum ea doloribus itaque eos\",\n        \"body\": \"voluptates quo voluptatem facilis iure occaecati\\nvel assumenda rerum officia et\\nillum perspiciatis ab deleniti\\nlaudantium repellat ad ut et autem reprehenderit\"\n    },\n    {\n        \"userId\": 5,\n        \"id\": 49,\n        \"title\": \"laborum non sunt aut ut assumenda perspiciatis voluptas\",\n        \"body\": \"inventore ab sint\\nnatus fugit id nulla sequi architecto nihil quaerat\\neos tenetur in in eum veritatis non\\nquibusdam officiis aspernatur cumque aut commodi aut\"\n    },\n    {\n        \"userId\": 5,\n        \"id\": 50,\n        \"title\": \"repellendus qui recusandae incidunt voluptates tenetur qui omnis exercitationem\",\n        \"body\": \"error suscipit maxime adipisci consequuntur recusandae\\nvoluptas eligendi et est et voluptates\\nquia distinctio ab amet quaerat molestiae et vitae\\nadipisci impedit sequi nesciunt quis consectetur\"\n    }\n]","statusCode":200},"precondition":false,"level":1}]},{"number":3,"description":"Count all blog post received in response","duration":458,"startTime":"2020-01-12T02:52:34.588337100+01:00[Europe/Prague]","result":"SUCCESS","precondition":false,"level":0}],"userStory":{"id":"com.jsonplaceholder.tests.apiTests.JsonPlaceholderTests","storyName":"Json placeholder tests","storyClassName":"com.jsonplaceholder.tests.apiTests.JsonPlaceholderTests","path":"","type":"story"},"featureTag":{"name":"Json placeholder tests","type":"story","displayName":"Json placeholder tests"},"title":"T1 get call all10 blog posts written by user id5 all10 blog posts written by user id5 are received in response","tags":[{"name":"Json placeholder tests","type":"story","displayName":"Json placeholder tests"}],"startTime":"2020-01-12T02:52:34.074330600+01:00[Europe/Prague]","duration":974,"projectKey":"","isManualTestingUpToDate":false,"manual":false,"testSource":"JUnit","result":"SUCCESS"}