{"name":"T5_put_updateDataUnderInvalidResourceId_userGetAnErrorMsgThatResourceIsNotFound","id":"com.jsonplaceholder.tests.apiTests.JsonPlaceholderTests:T5_put_updateDataUnderInvalidResourceId_userGetAnErrorMsgThatResourceIsNotFound","testCaseName":"com.jsonplaceholder.tests.apiTests.JsonPlaceholderTests","testSteps":[{"number":1,"description":"Update data under invalid resource Id","duration":4452,"startTime":"2020-01-12T02:52:36.101331200+01:00[Europe/Prague]","result":"SUCCESS","precondition":false,"level":0,"children":[{"number":2,"description":"PUT https://jsonplaceholder.typicode.com/posts/a\r","duration":0,"startTime":"2020-01-12T02:52:40.550942300+01:00[Europe/Prague]","result":"SUCCESS","restQuery":{"method":"PUT","path":"https://jsonplaceholder.typicode.com/posts/a\r","content":"{\n    \"id\": \"1\",\n    \"title\": \"Little\",\n    \"body\": \"Wing\",\n    \"userId\": 1\n}\r","contentType":"application/json","requestHeaders":"Accept\u003d*/*\r\n\t\t\t\tContent-Type\u003dapplication/json; charset\u003dUTF-8\r","requestCookies":"\r","responseHeaders":"Date: Sun, 12 Jan 2020 01:52:40 GMT\r\nContent-Type: text/html; charset\u003dutf-8\r\nTransfer-Encoding: chunked\r\nConnection: keep-alive\r\nSet-Cookie: __cfduid\u003dd34c7dffcb4ba6a539d75153f3eab056c1578793956; expires\u003dTue, 11-Feb-20 01:52:36 GMT; path\u003d/; domain\u003d.typicode.com; HttpOnly; SameSite\u003dLax\r\nX-Powered-By: Express\r\nVary: Origin, Accept-Encoding\r\nAccess-Control-Allow-Credentials: true\r\nCache-Control: no-cache\r\nPragma: no-cache\r\nExpires: -1\r\nVia: 1.1 vegur\r\nCF-Cache-Status: DYNAMIC\r\nExpect-CT: max-age\u003d604800, report-uri\u003d\"https://report-uri.cloudflare.com/cdn-cgi/beacon/expect-ct\"\r\nServer: cloudflare\r\nCF-RAY: 553b7df29aaf6413-FRA\r","responseCookies":"__cfduid\u003dd34c7dffcb4ba6a539d75153f3eab056c1578793956;Path\u003d/;Domain\u003d.typicode.com;HttpOnly;Expires\u003d2/11/20, 1:52 AM\r","responseBody":"\u003chtml\u003e\n  \u003cbody\u003eTypeError: Cannot read property \u0027id\u0027 of undefined\n    at update (/app/node_modules/json-server/lib/server/router/plural.js:258:24)\n    at Layer.handle [as handle_request] (/app/node_modules/express/lib/router/layer.js:95:5)\n    at next (/app/node_modules/express/lib/router/route.js:137:13)\n    at next (/app/node_modules/express/lib/router/route.js:131:14)\n    at Route.dispatch (/app/node_modules/express/lib/router/route.js:112:3)\n    at Layer.handle [as handle_request] (/app/node_modules/express/lib/router/layer.js:95:5)\n    at /app/node_modules/express/lib/router/index.js:281:22\n    at param (/app/node_modules/express/lib/router/index.js:354:14)\n    at param (/app/node_modules/express/lib/router/index.js:365:14)\n    at Function.process_params (/app/node_modules/express/lib/router/index.js:410:3)\u003c/body\u003e\n\u003c/html\u003e","statusCode":500},"precondition":false,"level":1}]}],"userStory":{"id":"com.jsonplaceholder.tests.apiTests.JsonPlaceholderTests","storyName":"Json placeholder tests","storyClassName":"com.jsonplaceholder.tests.apiTests.JsonPlaceholderTests","path":"","type":"story"},"featureTag":{"name":"Json placeholder tests","type":"story","displayName":"Json placeholder tests"},"title":"T5 put update data under invalid resource id user get an error msg that resource is not found","tags":[{"name":"Json placeholder tests","type":"story","displayName":"Json placeholder tests"}],"startTime":"2020-01-12T02:52:35.778329600+01:00[Europe/Prague]","duration":4807,"testFailureCause":{"errorType":"org.assertj.core.api.SoftAssertionError","message":"\r\nThe following assertion failed:\r\n1) [Status code is 404.] expected:\u003c[404]\u003e but was:\u003c[500]\u003e\r\nat NativeConstructorAccessorImpl.newInstance0(NativeConstructorAccessorImpl.java:-2) expected:\u003c[404]\u003e but was:\u003c[500]\u003e\r\n","stackTrace":[{"classLoaderName":"app","declaringClass":"com.jsonplaceholder.tests.apiTests.JsonPlaceholderTests","methodName":"T5_put_updateDataUnderInvalidResourceId_userGetAnErrorMsgThatResourceIsNotFound","fileName":"JsonPlaceholderTests.java","lineNumber":164,"format":1}]},"testFailureClassname":"org.assertj.core.api.SoftAssertionError","testFailureMessage":"\r\nThe following assertion failed:\r\n1) [Status code is 404.] expected:\u003c[404]\u003e but was:\u003c[500]\u003e\r\nat NativeConstructorAccessorImpl.newInstance0(NativeConstructorAccessorImpl.java:-2) expected:\u003c[404]\u003e but was:\u003c[500]\u003e\r\n","testFailureSummary":"FAILURE;org.assertj.core.api.SoftAssertionError;\r\nThe following assertion failed:\r\n1) [Status code is 404.] expected:\u003c[404]\u003e but was:\u003c[500]\u003e\r\nat NativeConstructorAccessorImpl.newInstance0(NativeConstructorAccessorImpl.java:-2) expected:\u003c[404]\u003e but was:\u003c[500]\u003e\r\n;JsonPlaceholderTests.java","projectKey":"","annotatedResult":"FAILURE","isManualTestingUpToDate":false,"manual":false,"testSource":"JUnit","result":"FAILURE"}